{"\u4fde\u4e16\u5fe0": 3.6960001416974775, "\u989c\u91d1\u68cb": 3.0800000733569153, "\u9648\u56fd\u5176": 3.200204813108039, "chengzhongding": 3.520000060544001, "\u5468\u5fd7\u519b": 3.07999998764358, "\u80e1\u9f99\u534e": 3.0800001440412847, "\u5434\u5174\u624d": 3.079999598732536, "wangheshan": 3.520000060544001, "guoanling": 3.520000060544001, "\u949f\u5fd7\u5f6a": 3.2002048131080394, "\u90d1\u745e\u534e": 1.9763463131131778, "lizongruo": 3.5200001401630496, "\u9648\u5149\u65f6": 1.9763564482874443, "anxiang": 3.520000060544001, "\u5218\u6ec7\u5eb7": 3.200204813108039, "\u7ae0\u52e4\u9e3f": 3.07999999121799, "\u987e\u5e7c\u65b0": 3.200202679638163, "\u9646\u8363\u534e": 3.0800000022801317, "\u95f5\u52e4\u826f": 3.5420000261405438, "\u51af\u798f\u91d1": 3.0800000078182115, "\u8096\u7acb\u5fb7": 3.200204941116232, "\u91d1\u58eb\u624d": 3.0800001546018567, "\u8d39\u5e86\u660e": 3.6960000373595374, "huyongkang": 3.520000052818322, "yaoqiaobao": 3.51999999504063, "yuzhonglin": 3.840000066048001, "zhonghongwei": 3.5200001393249547, "\u6c88\u4e49\u6797": 3.850000100590117, "luguoping": 3.5200000391725714, "wangzhiping": 3.5200001401630496, "\u53f2\u5fe0\u6b63": 3.839999982487228, "jinyuanlin": 2.4640000768423396, "\u6bb7\u677e\u5c71": 1.976356448287445, "\u9648\u7956\u56ed": 3.080000032280124, "\u5468\u91d1\u8d24": 2.46400005444234, "hongzhixing": 3.520000060544001, "\u5468\u6587\u4f1a": 3.200204813108039, "\u8d75\u5efa\u7956": 3.200204813108039, "\u6234\u5efa\u6c11": 1.976366583461712}